,UK,US
0,accessorise,accessorize
1,accessorised,accessorized
2,accessorises,accessorizes
3,accessorising,accessorizing
4,acclimatisation,acclimatization
5,acclimatise,acclimatize
6,acclimatised,acclimatized
7,acclimatises,acclimatizes
8,acclimatising,acclimatizing
9,accoutrements,accouterments
10,aeon,eon
11,aeons,eons
12,aerogramme,aerogram
13,aerogrammes,aerograms
14,aeroplane,airplane
15,aeroplanes,airplanes
16,aesthete,esthete
17,aesthetes,esthetes
18,aesthetic,esthetic
19,aesthetically,esthetically
20,aesthetics,esthetics
21,aetiology,etiology
22,ageing,aging
23,aggrandisement,aggrandizement
24,agonise,agonize
25,agonised,agonized
26,agonises,agonizes
27,agonising,agonizing
28,agonisingly,agonizingly
29,almanack,almanac
30,almanacks,almanacs
31,aluminium,aluminum
32,amortisable,amortizable
33,amortisation,amortization
34,amortisations,amortizations
35,amortise,amortize
36,amortised,amortized
37,amortises,amortizes
38,amortising,amortizing
39,amphitheatre,amphitheater
40,amphitheatres,amphitheaters
41,anaemia,anemia
42,anaemic,anemic
43,anaesthesia,anesthesia
44,anaesthetic,anesthetic
45,anaesthetics,anesthetics
46,anaesthetise,anesthetize
47,anaesthetised,anesthetized
48,anaesthetises,anesthetizes
49,anaesthetising,anesthetizing
50,anaesthetist,anesthetist
51,anaesthetists,anesthetists
52,anaesthetize,anesthetize
53,anaesthetized,anesthetized
54,anaesthetizes,anesthetizes
55,anaesthetizing,anesthetizing
56,analogue,analog
57,analogues,analogs
58,analyse,analyze
59,analysed,analyzed
60,analyses,analyzes
61,analysing,analyzing
62,anglicise,anglicize
63,anglicised,anglicized
64,anglicises,anglicizes
65,anglicising,anglicizing
66,annualised,annualized
67,antagonise,antagonize
68,antagonised,antagonized
69,antagonises,antagonizes
70,antagonising,antagonizing
71,apologise,apologize
72,apologised,apologized
73,apologises,apologizes
74,apologising,apologizing
75,appal,appall
76,appals,appalls
77,appetiser,appetizer
78,appetisers,appetizers
79,appetising,appetizing
80,appetisingly,appetizingly
81,arbour,arbor
82,arbours,arbors
83,archaeological,archeological
84,archaeologically,archeologically
85,archaeologist,archeologist
86,archaeologists,archeologists
87,archaeology,archeology
88,ardour,ardor
89,armour,armor
90,armoured,armored
91,armourer,armorer
92,armourers,armorers
93,armouries,armories
94,armoury,armory
95,artefact,artifact
96,artefacts,artifacts
97,authorise,authorize
98,authorised,authorized
99,authorises,authorizes
100,authorising,authorizing
101,axe,ax
102,backpedalled,backpedaled
103,backpedalling,backpedaling
104,bannister,banister
105,bannisters,banisters
106,baptise,baptize
107,baptised,baptized
108,baptises,baptizes
109,baptising,baptizing
110,bastardise,bastardize
111,bastardised,bastardized
112,bastardises,bastardizes
113,bastardising,bastardizing
114,battleaxe,battleax
115,baulk,balk
116,baulked,balked
117,baulking,balking
118,baulks,balks
119,bedevilled,bedeviled
120,bedevilling,bedeviling
121,behaviour,behavior
122,behavioural,behavioral
123,behaviourism,behaviorism
124,behaviourist,behaviorist
125,behaviourists,behaviorists
126,behaviours,behaviors
127,behove,behoove
128,behoved,behooved
129,behoves,behooves
130,bejewelled,bejeweled
131,belabour,belabor
132,belaboured,belabored
133,belabouring,belaboring
134,belabours,belabors
135,bevelled,beveled
136,bevvies,bevies
137,bevvy,bevy
138,biassed,biased
139,biassing,biasing
140,bingeing,binging
141,bougainvillaea,bougainvillea
142,bougainvillaeas,bougainvilleas
143,bowdlerise,bowdlerize
144,bowdlerised,bowdlerized
145,bowdlerises,bowdlerizes
146,bowdlerising,bowdlerizing
147,breathalyse,breathalyze
148,breathalysed,breathalyzed
149,breathalyser,breathalyzer
150,breathalysers,breathalyzers
151,breathalyses,breathalyzes
152,breathalysing,breathalyzing
153,brutalise,brutalize
154,brutalised,brutalized
155,brutalises,brutalizes
156,brutalising,brutalizing
157,buses,busses
158,busing,bussing
159,caesarean,cesarean
160,caesareans,cesareans
161,calibre,caliber
162,calibres,calibers
163,calliper,caliper
164,callipers,calipers
165,callisthenics,calisthenics
166,canalise,canalize
167,canalised,canalized
168,canalises,canalizes
169,canalising,canalizing
170,cancellation,cancelation
171,cancellations,cancelations
172,cancelled,canceled
173,cancelling,canceling
174,candour,candor
175,cannibalise,cannibalize
176,cannibalised,cannibalized
177,cannibalises,cannibalizes
178,cannibalising,cannibalizing
179,canonise,canonize
180,canonised,canonized
181,canonises,canonizes
182,canonising,canonizing
183,capitalise,capitalize
184,capitalised,capitalized
185,capitalises,capitalizes
186,capitalising,capitalizing
187,caramelise,caramelize
188,caramelised,caramelized
189,caramelises,caramelizes
190,caramelising,caramelizing
191,carbonise,carbonize
192,carbonised,carbonized
193,carbonises,carbonizes
194,carbonising,carbonizing
195,carolled,caroled
196,carolling,caroling
197,catalogue,catalog
198,catalogued,cataloged
199,catalogues,catalogs
200,cataloguing,cataloging
201,catalyse,catalyze
202,catalysed,catalyzed
203,catalyses,catalyzes
204,catalysing,catalyzing
205,categorise,categorize
206,categorised,categorized
207,categorises,categorizes
208,categorising,categorizing
209,cauterise,cauterize
210,cauterised,cauterized
211,cauterises,cauterizes
212,cauterising,cauterizing
213,cavilled,caviled
214,cavilling,caviling
215,centigramme,centigram
216,centigrammes,centigrams
217,centilitre,centiliter
218,centilitres,centiliters
219,centimetre,centimeter
220,centimetres,centimeters
221,centralise,centralize
222,centralised,centralized
223,centralises,centralizes
224,centralising,centralizing
225,centre,center
226,centred,centered
227,centrefold,centerfold
228,centrefolds,centerfolds
229,centrepiece,centerpiece
230,centrepieces,centerpieces
231,centres,centers
232,channelled,channeled
233,channelling,channeling
234,characterise,characterize
235,characterised,characterized
236,characterises,characterizes
237,characterising,characterizing
238,cheque,check
239,chequebook,checkbook
240,chequebooks,checkbooks
241,chequered,checkered
242,cheques,checks
243,chilli,chili
244,chimaera,chimera
245,chimaeras,chimeras
246,chiselled,chiseled
247,chiselling,chiseling
248,circularise,circularize
249,circularised,circularized
250,circularises,circularizes
251,circularising,circularizing
252,civilise,civilize
253,civilised,civilized
254,civilises,civilizes
255,civilising,civilizing
256,clamour,clamor
257,clamoured,clamored
258,clamouring,clamoring
259,clamours,clamors
260,clangour,clangor
261,clarinettist,clarinetist
262,clarinettists,clarinetists
263,collectivise,collectivize
264,collectivised,collectivized
265,collectivises,collectivizes
266,collectivising,collectivizing
267,colonisation,colonization
268,colonise,colonize
269,colonised,colonized
270,coloniser,colonizer
271,colonisers,colonizers
272,colonises,colonizes
273,colonising,colonizing
274,colour,color
275,colourant,colorant
276,colourants,colorants
277,coloured,colored
278,coloureds,coloreds
279,colourful,colorful
280,colourfully,colorfully
281,colouring,coloring
282,colourize,colorize
283,colourized,colorized
284,colourizes,colorizes
285,colourizing,colorizing
286,colourless,colorless
287,colours,colors
288,commercialise,commercialize
289,commercialised,commercialized
290,commercialises,commercializes
291,commercialising,commercializing
292,compartmentalise,compartmentalize
293,compartmentalised,compartmentalized
294,compartmentalises,compartmentalizes
295,compartmentalising,compartmentalizing
296,computerise,computerize
297,computerised,computerized
298,computerises,computerizes
299,computerising,computerizing
300,conceptualise,conceptualize
301,conceptualised,conceptualized
302,conceptualises,conceptualizes
303,conceptualising,conceptualizing
304,connexion,connection
305,connexions,connections
306,contextualise,contextualize
307,contextualised,contextualized
308,contextualises,contextualizes
309,contextualising,contextualizing
310,cosier,cozier
311,cosies,cozies
312,cosiest,coziest
313,cosily,cozily
314,cosiness,coziness
315,cosy,cozy
316,councillor,councilor
317,councillors,councilors
318,counselled,counseled
319,counselling,counseling
320,counsellor,counselor
321,counsellors,counselors
322,crenellated,crenelated
323,criminalise,criminalize
324,criminalised,criminalized
325,criminalises,criminalizes
326,criminalising,criminalizing
327,criticise,criticize
328,criticised,criticized
329,criticises,criticizes
330,criticising,criticizing
331,crueller,crueler
332,cruellest,cruelest
333,crystallisation,crystallization
334,crystallise,crystallize
335,crystallised,crystallized
336,crystallises,crystallizes
337,crystallising,crystallizing
338,cudgelled,cudgeled
339,cudgelling,cudgeling
340,customise,customize
341,customised,customized
342,customises,customizes
343,customising,customizing
344,cypher,cipher
345,cyphers,ciphers
346,decentralisation,decentralization
347,decentralise,decentralize
348,decentralised,decentralized
349,decentralises,decentralizes
350,decentralising,decentralizing
351,decriminalisation,decriminalization
352,decriminalise,decriminalize
353,decriminalised,decriminalized
354,decriminalises,decriminalizes
355,decriminalising,decriminalizing
356,defence,defense
357,defenceless,defenseless
358,defences,defenses
359,dehumanisation,dehumanization
360,dehumanise,dehumanize
361,dehumanised,dehumanized
362,dehumanises,dehumanizes
363,dehumanising,dehumanizing
364,demeanour,demeanor
365,demilitarisation,demilitarization
366,demilitarise,demilitarize
367,demilitarised,demilitarized
368,demilitarises,demilitarizes
369,demilitarising,demilitarizing
370,demobilisation,demobilization
371,demobilise,demobilize
372,demobilised,demobilized
373,demobilises,demobilizes
374,demobilising,demobilizing
375,democratisation,democratization
376,democratise,democratize
377,democratised,democratized
378,democratises,democratizes
379,democratising,democratizing
380,demonise,demonize
381,demonised,demonized
382,demonises,demonizes
383,demonising,demonizing
384,demoralisation,demoralization
385,demoralise,demoralize
386,demoralised,demoralized
387,demoralises,demoralizes
388,demoralising,demoralizing
389,denationalisation,denationalization
390,denationalise,denationalize
391,denationalised,denationalized
392,denationalises,denationalizes
393,denationalising,denationalizing
394,deodorise,deodorize
395,deodorised,deodorized
396,deodorises,deodorizes
397,deodorising,deodorizing
398,depersonalise,depersonalize
399,depersonalised,depersonalized
400,depersonalises,depersonalizes
401,depersonalising,depersonalizing
402,deputise,deputize
403,deputised,deputized
404,deputises,deputizes
405,deputising,deputizing
406,desensitisation,desensitization
407,desensitise,desensitize
408,desensitised,desensitized
409,desensitises,desensitizes
410,desensitising,desensitizing
411,destabilisation,destabilization
412,destabilise,destabilize
413,destabilised,destabilized
414,destabilises,destabilizes
415,destabilising,destabilizing
416,dialled,dialed
417,dialling,dialing
418,dialogue,dialog
419,dialogues,dialogs
420,diarrhoea,diarrhea
421,digitise,digitize
422,digitised,digitized
423,digitises,digitizes
424,digitising,digitizing
425,disc,disk
426,discolour,discolor
427,discoloured,discolored
428,discolouring,discoloring
429,discolours,discolors
430,discs,disks
431,disembowelled,disemboweled
432,disembowelling,disemboweling
433,disfavour,disfavor
434,dishevelled,disheveled
435,dishonour,dishonor
436,dishonourable,dishonorable
437,dishonourably,dishonorably
438,dishonoured,dishonored
439,dishonouring,dishonoring
440,dishonours,dishonors
441,disorganisation,disorganization
442,disorganised,disorganized
443,distil,distill
444,distils,distills
445,dramatisation,dramatization
446,dramatisations,dramatizations
447,dramatise,dramatize
448,dramatised,dramatized
449,dramatises,dramatizes
450,dramatising,dramatizing
451,draught,draft
452,draughtboard,draftboard
453,draughtboards,draftboards
454,draughtier,draftier
455,draughtiest,draftiest
456,draughts,drafts
457,draughtsman,draftsman
458,draughtsmanship,draftsmanship
459,draughtsmen,draftsmen
460,draughtswoman,draftswoman
461,draughtswomen,draftswomen
462,draughty,drafty
463,drivelled,driveled
464,drivelling,driveling
465,duelled,dueled
466,duelling,dueling
467,economise,economize
468,economised,economized
469,economises,economizes
470,economising,economizing
471,edoema,edema
472,editorialise,editorialize
473,editorialised,editorialized
474,editorialises,editorializes
475,editorialising,editorializing
476,empathise,empathize
477,empathised,empathized
478,empathises,empathizes
479,empathising,empathizing
480,emphasise,emphasize
481,emphasised,emphasized
482,emphasises,emphasizes
483,emphasising,emphasizing
484,enamelled,enameled
485,enamelling,enameling
486,enamoured,enamored
487,encyclopaedia,encyclopedia
488,encyclopaedias,encyclopedias
489,encyclopaedic,encyclopedic
490,endeavour,endeavor
491,endeavoured,endeavored
492,endeavouring,endeavoring
493,endeavours,endeavors
494,energise,energize
495,energised,energized
496,energises,energizes
497,energising,energizing
498,enrol,enroll
499,enrols,enrolls
500,enthral,enthrall
501,enthrals,enthralls
502,epaulette,epaulet
503,epaulettes,epaulets
504,epicentre,epicenter
505,epicentres,epicenters
506,epilogue,epilog
507,epilogues,epilogs
508,epitomise,epitomize
509,epitomised,epitomized
510,epitomises,epitomizes
511,epitomising,epitomizing
512,equalisation,equalization
513,equalise,equalize
514,equalised,equalized
515,equaliser,equalizer
516,equalisers,equalizers
517,equalises,equalizes
518,equalising,equalizing
519,eulogise,eulogize
520,eulogised,eulogized
521,eulogises,eulogizes
522,eulogising,eulogizing
523,evangelise,evangelize
524,evangelised,evangelized
525,evangelises,evangelizes
526,evangelising,evangelizing
527,exorcise,exorcize
528,exorcised,exorcized
529,exorcises,exorcizes
530,exorcising,exorcizing
531,extemporisation,extemporization
532,extemporise,extemporize
533,extemporised,extemporized
534,extemporises,extemporizes
535,extemporising,extemporizing
536,externalisation,externalization
537,externalisations,externalizations
538,externalise,externalize
539,externalised,externalized
540,externalises,externalizes
541,externalising,externalizing
542,factorise,factorize
543,factorised,factorized
544,factorises,factorizes
545,factorising,factorizing
546,faecal,fecal
547,faeces,feces
548,familiarisation,familiarization
549,familiarise,familiarize
550,familiarised,familiarized
551,familiarises,familiarizes
552,familiarising,familiarizing
553,fantasise,fantasize
554,fantasised,fantasized
555,fantasises,fantasizes
556,fantasising,fantasizing
557,favour,favor
558,favourable,favorable
559,favourably,favorably
560,favoured,favored
561,favouring,favoring
562,favourite,favorite
563,favourites,favorites
564,favouritism,favoritism
565,favours,favors
566,feminise,feminize
567,feminised,feminized
568,feminises,feminizes
569,feminising,feminizing
570,fertilisation,fertilization
571,fertilise,fertilize
572,fertilised,fertilized
573,fertiliser,fertilizer
574,fertilisers,fertilizers
575,fertilises,fertilizes
576,fertilising,fertilizing
577,fervour,fervor
578,fibre,fiber
579,fibreglass,fiberglass
580,fibres,fibers
581,fictionalisation,fictionalization
582,fictionalisations,fictionalizations
583,fictionalise,fictionalize
584,fictionalised,fictionalized
585,fictionalises,fictionalizes
586,fictionalising,fictionalizing
587,fillet,filet
588,filleted,fileted
589,filleting,fileting
590,fillets,filets
591,finalisation,finalization
592,finalise,finalize
593,finalised,finalized
594,finalises,finalizes
595,finalising,finalizing
596,flautist,flutist
597,flautists,flutists
598,flavour,flavor
599,flavoured,flavored
600,flavouring,flavoring
601,flavourings,flavorings
602,flavourless,flavorless
603,flavours,flavors
604,flavoursome,flavorsome
605,flyer,flier
606,/,/
607,flier,flyer
608,foetal,fetal
609,foetid,fetid
610,foetus,fetus
611,foetuses,fetuses
612,formalisation,formalization
613,formalise,formalize
614,formalised,formalized
615,formalises,formalizes
616,formalising,formalizing
617,fossilisation,fossilization
618,fossilise,fossilize
619,fossilised,fossilized
620,fossilises,fossilizes
621,fossilising,fossilizing
622,fraternisation,fraternization
623,fraternise,fraternize
624,fraternised,fraternized
625,fraternises,fraternizes
626,fraternising,fraternizing
627,fulfil,fulfill
628,fulfilment,fulfillment
629,fulfils,fulfills
630,funnelled,funneled
631,funnelling,funneling
632,galvanise,galvanize
633,galvanised,galvanized
634,galvanises,galvanizes
635,galvanising,galvanizing
636,gambolled,gamboled
637,gambolling,gamboling
638,gaol,jail
639,gaolbird,jailbird
640,gaolbirds,jailbirds
641,gaolbreak,jailbreak
642,gaolbreaks,jailbreaks
643,gaoled,jailed
644,gaoler,jailer
645,gaolers,jailers
646,gaoling,jailing
647,gaols,jails
648,gases,gasses
649,gauge,gage
650,gauged,gaged
651,gauges,gages
652,gauging,gaging
653,generalisation,generalization
654,generalisations,generalizations
655,generalise,generalize
656,generalised,generalized
657,generalises,generalizes
658,generalising,generalizing
659,ghettoise,ghettoize
660,ghettoised,ghettoized
661,ghettoises,ghettoizes
662,ghettoising,ghettoizing
663,gipsies,gypsies
664,glamorise,glamorize
665,glamorised,glamorized
666,glamorises,glamorizes
667,glamorising,glamorizing
668,glamour,glamor
669,globalisation,globalization
670,globalise,globalize
671,globalised,globalized
672,globalises,globalizes
673,globalising,globalizing
674,glueing,gluing
675,goitre,goiter
676,goitres,goiters
677,gonorrhoea,gonorrhea
678,gramme,gram
679,grammes,grams
680,gravelled,graveled
681,grey,gray
682,greyed,grayed
683,greying,graying
684,greyish,grayish
685,greyness,grayness
686,greys,grays
687,grovelled,groveled
688,grovelling,groveling
689,groyne,groin
690,groynes,groins
691,gruelling,grueling
692,gruellingly,gruelingly
693,gryphon,griffin
694,gryphons,griffins
695,gynaecological,gynecological
696,gynaecologist,gynecologist
697,gynaecologists,gynecologists
698,gynaecology,gynecology
699,haematological,hematological
700,haematologist,hematologist
701,haematologists,hematologists
702,haematology,hematology
703,haemoglobin,hemoglobin
704,haemophilia,hemophilia
705,haemophiliac,hemophiliac
706,haemophiliacs,hemophiliacs
707,haemorrhage,hemorrhage
708,haemorrhaged,hemorrhaged
709,haemorrhages,hemorrhages
710,haemorrhaging,hemorrhaging
711,haemorrhoids,hemorrhoids
712,harbour,harbor
713,harboured,harbored
714,harbouring,harboring
715,harbours,harbors
716,harmonisation,harmonization
717,harmonise,harmonize
718,harmonised,harmonized
719,harmonises,harmonizes
720,harmonising,harmonizing
721,homoeopath,homeopath
722,homoeopathic,homeopathic
723,homoeopaths,homeopaths
724,homoeopathy,homeopathy
725,homogenise,homogenize
726,homogenised,homogenized
727,homogenises,homogenizes
728,homogenising,homogenizing
729,honour,honor
730,honourable,honorable
731,honourably,honorably
732,honoured,honored
733,honouring,honoring
734,honours,honors
735,hospitalisation,hospitalization
736,hospitalise,hospitalize
737,hospitalised,hospitalized
738,hospitalises,hospitalizes
739,hospitalising,hospitalizing
740,humanise,humanize
741,humanised,humanized
742,humanises,humanizes
743,humanising,humanizing
744,humour,humor
745,humoured,humored
746,humouring,humoring
747,humourless,humorless
748,humours,humors
749,hybridise,hybridize
750,hybridised,hybridized
751,hybridises,hybridizes
752,hybridising,hybridizing
753,hypnotise,hypnotize
754,hypnotised,hypnotized
755,hypnotises,hypnotizes
756,hypnotising,hypnotizing
757,hypothesise,hypothesize
758,hypothesised,hypothesized
759,hypothesises,hypothesizes
760,hypothesising,hypothesizing
761,idealisation,idealization
762,idealise,idealize
763,idealised,idealized
764,idealises,idealizes
765,idealising,idealizing
766,idolise,idolize
767,idolised,idolized
768,idolises,idolizes
769,idolising,idolizing
770,immobilisation,immobilization
771,immobilise,immobilize
772,immobilised,immobilized
773,immobiliser,immobilizer
774,immobilisers,immobilizers
775,immobilises,immobilizes
776,immobilising,immobilizing
777,immortalise,immortalize
778,immortalised,immortalized
779,immortalises,immortalizes
780,immortalising,immortalizing
781,immunisation,immunization
782,immunise,immunize
783,immunised,immunized
784,immunises,immunizes
785,immunising,immunizing
786,impanelled,impaneled
787,impanelling,impaneling
788,imperilled,imperiled
789,imperilling,imperiling
790,individualise,individualize
791,individualised,individualized
792,individualises,individualizes
793,individualising,individualizing
794,industrialise,industrialize
795,industrialised,industrialized
796,industrialises,industrializes
797,industrialising,industrializing
798,inflexion,inflection
799,inflexions,inflections
800,initialise,initialize
801,initialised,initialized
802,initialises,initializes
803,initialising,initializing
804,initialled,initialed
805,initialling,initialing
806,instal,install
807,instalment,installment
808,instalments,installments
809,instals,installs
810,instil,instill
811,instils,instills
812,institutionalisation,institutionalization
813,institutionalise,institutionalize
814,institutionalised,institutionalized
815,institutionalises,institutionalizes
816,institutionalising,institutionalizing
817,intellectualise,intellectualize
818,intellectualised,intellectualized
819,intellectualises,intellectualizes
820,intellectualising,intellectualizing
821,internalisation,internalization
822,internalise,internalize
823,internalised,internalized
824,internalises,internalizes
825,internalising,internalizing
826,internationalisation,internationalization
827,internationalise,internationalize
828,internationalised,internationalized
829,internationalises,internationalizes
830,internationalising,internationalizing
831,ionisation,ionization
832,ionise,ionize
833,ionised,ionized
834,ioniser,ionizer
835,ionisers,ionizers
836,ionises,ionizes
837,ionising,ionizing
838,italicise,italicize
839,italicised,italicized
840,italicises,italicizes
841,italicising,italicizing
842,itemise,itemize
843,itemised,itemized
844,itemises,itemizes
845,itemising,itemizing
846,jeopardise,jeopardize
847,jeopardised,jeopardized
848,jeopardises,jeopardizes
849,jeopardising,jeopardizing
850,jewelled,jeweled
851,jeweller,jeweler
852,jewellers,jewelers
853,jewellery,jewelry
854,judgement,judgment
855,kilogramme,kilogram
856,kilogrammes,kilograms
857,kilometre,kilometer
858,kilometres,kilometers
859,labelled,labeled
860,labelling,labeling
861,labour,labor
862,laboured,labored
863,labourer,laborer
864,labourers,laborers
865,labouring,laboring
866,labours,labors
867,lacklustre,lackluster
868,legalisation,legalization
869,legalise,legalize
870,legalised,legalized
871,legalises,legalizes
872,legalising,legalizing
873,legitimise,legitimize
874,legitimised,legitimized
875,legitimises,legitimizes
876,legitimising,legitimizing
877,leukaemia,leukemia
878,levelled,leveled
879,leveller,leveler
880,levellers,levelers
881,levelling,leveling
882,libelled,libeled
883,libelling,libeling
884,libellous,libelous
885,liberalisation,liberalization
886,liberalise,liberalize
887,liberalised,liberalized
888,liberalises,liberalizes
889,liberalising,liberalizing
890,licence,license
891,licenced,licensed
892,licences,licenses
893,licencing,licensing
894,likeable,likable
895,lionisation,lionization
896,lionise,lionize
897,lionised,lionized
898,lionises,lionizes
899,lionising,lionizing
900,liquidise,liquidize
901,liquidised,liquidized
902,liquidiser,liquidizer
903,liquidisers,liquidizers
904,liquidises,liquidizes
905,liquidising,liquidizing
906,litre,liter
907,litres,liters
908,localise,localize
909,localised,localized
910,localises,localizes
911,localising,localizing
912,louvre,louver
913,louvred,louvered
914,louvres,louvers
915,lustre,luster
916,magnetise,magnetize
917,magnetised,magnetized
918,magnetises,magnetizes
919,magnetising,magnetizing
920,manoeuvrability,maneuverability
921,manoeuvrable,maneuverable
922,manoeuvre,maneuver
923,manoeuvred,maneuvered
924,manoeuvres,maneuvers
925,manoeuvring,maneuvering
926,manoeuvrings,maneuverings
927,marginalisation,marginalization
928,marginalise,marginalize
929,marginalised,marginalized
930,marginalises,marginalizes
931,marginalising,marginalizing
932,marshalled,marshaled
933,marshalling,marshaling
934,marvelled,marveled
935,marvelling,marveling
936,marvellous,marvelous
937,marvellously,marvelously
938,materialisation,materialization
939,materialise,materialize
940,materialised,materialized
941,materialises,materializes
942,materialising,materializing
943,maximisation,maximization
944,maximise,maximize
945,maximised,maximized
946,maximises,maximizes
947,maximising,maximizing
948,meagre,meager
949,mechanisation,mechanization
950,mechanise,mechanize
951,mechanised,mechanized
952,mechanises,mechanizes
953,mechanising,mechanizing
954,mediaeval,medieval
955,memorialise,memorialize
956,memorialised,memorialized
957,memorialises,memorializes
958,memorialising,memorializing
959,memorise,memorize
960,memorised,memorized
961,memorises,memorizes
962,memorising,memorizing
963,mesmerise,mesmerize
964,mesmerised,mesmerized
965,mesmerises,mesmerizes
966,mesmerising,mesmerizing
967,metabolise,metabolize
968,metabolised,metabolized
969,metabolises,metabolizes
970,metabolising,metabolizing
971,metre,meter
972,metres,meters
973,micrometre,micrometer
974,micrometres,micrometers
975,militarise,militarize
976,militarised,militarized
977,militarises,militarizes
978,militarising,militarizing
979,milligramme,milligram
980,milligrammes,milligrams
981,millilitre,milliliter
982,millilitres,milliliters
983,millimetre,millimeter
984,millimetres,millimeters
985,miniaturisation,miniaturization
986,miniaturise,miniaturize
987,miniaturised,miniaturized
988,miniaturises,miniaturizes
989,miniaturising,miniaturizing
990,minibuses,minibusses
991,minimise,minimize
992,minimised,minimized
993,minimises,minimizes
994,minimising,minimizing
995,misbehaviour,misbehavior
996,misdemeanour,misdemeanor
997,misdemeanours,misdemeanors
998,misspelt,misspelled
999,mitre,miter
1000,mitres,miters
1001,mobilisation,mobilization
1002,mobilise,mobilize
1003,mobilised,mobilized
1004,mobilises,mobilizes
1005,mobilising,mobilizing
1006,modelled,modeled
1007,modeller,modeler
1008,modellers,modelers
1009,modelling,modeling
1010,modernise,modernize
1011,modernised,modernized
1012,modernises,modernizes
1013,modernising,modernizing
1014,moisturise,moisturize
1015,moisturised,moisturized
1016,moisturiser,moisturizer
1017,moisturisers,moisturizers
1018,moisturises,moisturizes
1019,moisturising,moisturizing
1020,monologue,monolog
1021,monologues,monologs
1022,monopolisation,monopolization
1023,monopolise,monopolize
1024,monopolised,monopolized
1025,monopolises,monopolizes
1026,monopolising,monopolizing
1027,moralise,moralize
1028,moralised,moralized
1029,moralises,moralizes
1030,moralising,moralizing
1031,motorised,motorized
1032,mould,mold
1033,moulded,molded
1034,moulder,molder
1035,mouldered,moldered
1036,mouldering,moldering
1037,moulders,molders
1038,mouldier,moldier
1039,mouldiest,moldiest
1040,moulding,molding
1041,mouldings,moldings
1042,moulds,molds
1043,mouldy,moldy
1044,moult,molt
1045,moulted,molted
1046,moulting,molting
1047,moults,molts
1048,moustache,mustache
1049,moustached,mustached
1050,moustaches,mustaches
1051,moustachioed,mustachioed
1052,multicoloured,multicolored
1053,nationalisation,nationalization
1054,nationalisations,nationalizations
1055,nationalise,nationalize
1056,nationalised,nationalized
1057,nationalises,nationalizes
1058,nationalising,nationalizing
1059,naturalisation,naturalization
1060,naturalise,naturalize
1061,naturalised,naturalized
1062,naturalises,naturalizes
1063,naturalising,naturalizing
1064,neighbour,neighbor
1065,neighbourhood,neighborhood
1066,neighbourhoods,neighborhoods
1067,neighbouring,neighboring
1068,neighbourliness,neighborliness
1069,neighbourly,neighborly
1070,neighbours,neighbors
1071,neutralisation,neutralization
1072,neutralise,neutralize
1073,neutralised,neutralized
1074,neutralises,neutralizes
1075,neutralising,neutralizing
1076,normalisation,normalization
1077,normalise,normalize
1078,normalised,normalized
1079,normalises,normalizes
1080,normalising,normalizing
1081,odour,odor
1082,odourless,odorless
1083,odours,odors
1084,oesophagus,esophagus
1085,oesophaguses,esophaguses
1086,oestrogen,estrogen
1087,offence,offense
1088,offences,offenses
1089,omelette,omelet
1090,omelettes,omelets
1091,optimise,optimize
1092,optimised,optimized
1093,optimises,optimizes
1094,optimising,optimizing
1095,organisation,organization
1096,organisational,organizational
1097,organisations,organizations
1098,organise,organize
1099,organised,organized
1100,organiser,organizer
1101,organisers,organizers
1102,organises,organizes
1103,organising,organizing
1104,orthopaedic,orthopedic
1105,orthopaedics,orthopedics
1106,ostracise,ostracize
1107,ostracised,ostracized
1108,ostracises,ostracizes
1109,ostracising,ostracizing
1110,outmanoeuvre,outmaneuver
1111,outmanoeuvred,outmaneuvered
1112,outmanoeuvres,outmaneuvers
1113,outmanoeuvring,outmaneuvering
1114,overemphasise,overemphasize
1115,overemphasised,overemphasized
1116,overemphasises,overemphasizes
1117,overemphasising,overemphasizing
1118,oxidisation,oxidization
1119,oxidise,oxidize
1120,oxidised,oxidized
1121,oxidises,oxidizes
1122,oxidising,oxidizing
1123,paederast,pederast
1124,paederasts,pederasts
1125,paediatric,pediatric
1126,paediatrician,pediatrician
1127,paediatricians,pediatricians
1128,paediatrics,pediatrics
1129,paedophile,pedophile
1130,paedophiles,pedophiles
1131,paedophilia,pedophilia
1132,palaeolithic,paleolithic
1133,palaeontologist,paleontologist
1134,palaeontologists,paleontologists
1135,palaeontology,paleontology
1136,panelled,paneled
1137,panelling,paneling
1138,panellist,panelist
1139,panellists,panelists
1140,paralyse,paralyze
1141,paralysed,paralyzed
1142,paralyses,paralyzes
1143,paralysing,paralyzing
1144,parcelled,parceled
1145,parcelling,parceling
1146,parlour,parlor
1147,parlours,parlors
1148,particularise,particularize
1149,particularised,particularized
1150,particularises,particularizes
1151,particularising,particularizing
1152,passivisation,passivization
1153,passivise,passivize
1154,passivised,passivized
1155,passivises,passivizes
1156,passivising,passivizing
1157,pasteurisation,pasteurization
1158,pasteurise,pasteurize
1159,pasteurised,pasteurized
1160,pasteurises,pasteurizes
1161,pasteurising,pasteurizing
1162,patronise,patronize
1163,patronised,patronized
1164,patronises,patronizes
1165,patronising,patronizing
1166,patronisingly,patronizingly
1167,pedalled,pedaled
1168,pedalling,pedaling
1169,pedestrianisation,pedestrianization
1170,pedestrianise,pedestrianize
1171,pedestrianised,pedestrianized
1172,pedestrianises,pedestrianizes
1173,pedestrianising,pedestrianizing
1174,penalise,penalize
1175,penalised,penalized
1176,penalises,penalizes
1177,penalising,penalizing
1178,pencilled,penciled
1179,pencilling,penciling
1180,personalise,personalize
1181,personalised,personalized
1182,personalises,personalizes
1183,personalising,personalizing
1184,pharmacopoeia,pharmacopeia
1185,pharmacopoeias,pharmacopeias
1186,philosophise,philosophize
1187,philosophised,philosophized
1188,philosophises,philosophizes
1189,philosophising,philosophizing
1190,philtre,filter
1191,philtres,filters
1192,phoney,phony
1193,plagiarise,plagiarize
1194,plagiarised,plagiarized
1195,plagiarises,plagiarizes
1196,plagiarising,plagiarizing
1197,plough,plow
1198,ploughed,plowed
1199,ploughing,plowing
1200,ploughman,plowman
1201,ploughmen,plowmen
1202,ploughs,plows
1203,ploughshare,plowshare
1204,ploughshares,plowshares
1205,polarisation,polarization
1206,polarise,polarize
1207,polarised,polarized
1208,polarises,polarizes
1209,polarising,polarizing
1210,politicisation,politicization
1211,politicise,politicize
1212,politicised,politicized
1213,politicises,politicizes
1214,politicising,politicizing
1215,popularisation,popularization
1216,popularise,popularize
1217,popularised,popularized
1218,popularises,popularizes
1219,popularising,popularizing
1220,pouffe,pouf
1221,pouffes,poufs
1222,practise,practice
1223,practised,practiced
1224,practises,practices
1225,practising,practicing
1226,praesidium,presidium
1227,praesidiums,presidiums
1228,pressurisation,pressurization
1229,pressurise,pressurize
1230,pressurised,pressurized
1231,pressurises,pressurizes
1232,pressurising,pressurizing
1233,pretence,pretense
1234,pretences,pretenses
1235,primaeval,primeval
1236,prioritisation,prioritization
1237,prioritise,prioritize
1238,prioritised,prioritized
1239,prioritises,prioritizes
1240,prioritising,prioritizing
1241,privatisation,privatization
1242,privatisations,privatizations
1243,privatise,privatize
1244,privatised,privatized
1245,privatises,privatizes
1246,privatising,privatizing
1247,professionalisation,professionalization
1248,professionalise,professionalize
1249,professionalised,professionalized
1250,professionalises,professionalizes
1251,professionalising,professionalizing
1252,programme,program
1253,programmes,programs
1254,prologue,prolog
1255,prologues,prologs
1256,propagandise,propagandize
1257,propagandised,propagandized
1258,propagandises,propagandizes
1259,propagandising,propagandizing
1260,proselytise,proselytize
1261,proselytised,proselytized
1262,proselytiser,proselytizer
1263,proselytisers,proselytizers
1264,proselytises,proselytizes
1265,proselytising,proselytizing
1266,psychoanalyse,psychoanalyze
1267,psychoanalysed,psychoanalyzed
1268,psychoanalyses,psychoanalyzes
1269,psychoanalysing,psychoanalyzing
1270,publicise,publicize
1271,publicised,publicized
1272,publicises,publicizes
1273,publicising,publicizing
1274,pulverisation,pulverization
1275,pulverise,pulverize
1276,pulverised,pulverized
1277,pulverises,pulverizes
1278,pulverising,pulverizing
1279,pummelled,pummel
1280,pummelling,pummeled
1281,pyjama,pajama
1282,pyjamas,pajamas
1283,pzazz,pizzazz
1284,quarrelled,quarreled
1285,quarrelling,quarreling
1286,radicalise,radicalize
1287,radicalised,radicalized
1288,radicalises,radicalizes
1289,radicalising,radicalizing
1290,rancour,rancor
1291,randomise,randomize
1292,randomised,randomized
1293,randomises,randomizes
1294,randomising,randomizing
1295,rationalisation,rationalization
1296,rationalisations,rationalizations
1297,rationalise,rationalize
1298,rationalised,rationalized
1299,rationalises,rationalizes
1300,rationalising,rationalizing
1301,ravelled,raveled
1302,ravelling,raveling
1303,realisable,realizable
1304,realisation,realization
1305,realisations,realizations
1306,realise,realize
1307,realised,realized
1308,realises,realizes
1309,realising,realizing
1310,recognisable,recognizable
1311,recognisably,recognizably
1312,recognisance,recognizance
1313,recognise,recognize
1314,recognised,recognized
1315,recognises,recognizes
1316,recognising,recognizing
1317,reconnoitre,reconnoiter
1318,reconnoitred,reconnoitered
1319,reconnoitres,reconnoiters
1320,reconnoitring,reconnoitering
1321,refuelled,refueled
1322,refuelling,refueling
1323,regularisation,regularization
1324,regularise,regularize
1325,regularised,regularized
1326,regularises,regularizes
1327,regularising,regularizing
1328,remodelled,remodeled
1329,remodelling,remodeling
1330,remould,remold
1331,remoulded,remolded
1332,remoulding,remolding
1333,remoulds,remolds
1334,reorganisation,reorganization
1335,reorganisations,reorganizations
1336,reorganise,reorganize
1337,reorganised,reorganized
1338,reorganises,reorganizes
1339,reorganising,reorganizing
1340,revelled,reveled
1341,reveller,reveler
1342,revellers,revelers
1343,revelling,reveling
1344,revitalise,revitalize
1345,revitalised,revitalized
1346,revitalises,revitalizes
1347,revitalising,revitalizing
1348,revolutionise,revolutionize
1349,revolutionised,revolutionized
1350,revolutionises,revolutionizes
1351,revolutionising,revolutionizing
1352,rhapsodise,rhapsodize
1353,rhapsodised,rhapsodized
1354,rhapsodises,rhapsodizes
1355,rhapsodising,rhapsodizing
1356,rigour,rigor
1357,rigours,rigors
1358,ritualised,ritualized
1359,rivalled,rivaled
1360,rivalling,rivaling
1361,romanticise,romanticize
1362,romanticised,romanticized
1363,romanticises,romanticizes
1364,romanticising,romanticizing
1365,rumour,rumor
1366,rumoured,rumored
1367,rumours,rumors
1368,sabre,saber
1369,sabres,sabers
1370,saltpetre,saltpeter
1371,sanitise,sanitize
1372,sanitised,sanitized
1373,sanitises,sanitizes
1374,sanitising,sanitizing
1375,satirise,satirize
1376,satirised,satirized
1377,satirises,satirizes
1378,satirising,satirizing
1379,saviour,savior
1380,saviours,saviors
1381,savour,savor
1382,savoured,savored
1383,savouries,savories
1384,savouring,savoring
1385,savours,savors
1386,savoury,savory
1387,scandalise,scandalize
1388,scandalised,scandalized
1389,scandalises,scandalizes
1390,scandalising,scandalizing
1391,sceptic,skeptic
1392,sceptical,skeptical
1393,sceptically,skeptically
1394,scepticism,skepticism
1395,sceptics,skeptics
1396,sceptre,scepter
1397,sceptres,scepters
1398,scrutinise,scrutinize
1399,scrutinised,scrutinized
1400,scrutinises,scrutinizes
1401,scrutinising,scrutinizing
1402,secularisation,secularization
1403,secularise,secularize
1404,secularised,secularized
1405,secularises,secularizes
1406,secularising,secularizing
1407,sensationalise,sensationalize
1408,sensationalised,sensationalized
1409,sensationalises,sensationalizes
1410,sensationalising,sensationalizing
1411,sensitise,sensitize
1412,sensitised,sensitized
1413,sensitises,sensitizes
1414,sensitising,sensitizing
1415,sentimentalise,sentimentalize
1416,sentimentalised,sentimentalized
1417,sentimentalises,sentimentalizes
1418,sentimentalising,sentimentalizing
1419,sepulchre,sepulcher
1420,sepulchres,sepulchers
1421,serialisation,serialization
1422,serialisations,serializations
1423,serialise,serialize
1424,serialised,serialized
1425,serialises,serializes
1426,serialising,serializing
1427,sermonise,sermonize
1428,sermonised,sermonized
1429,sermonises,sermonizes
1430,sermonising,sermonizing
1431,sheikh,sheik
1432,shovelled,shoveled
1433,shovelling,shoveling
1434,shrivelled,shriveled
1435,shrivelling,shriveling
1436,signalise,signalize
1437,signalised,signalized
1438,signalises,signalizes
1439,signalising,signalizing
1440,signalled,signaled
1441,signalling,signaling
1442,smoulder,smolder
1443,smouldered,smoldered
1444,smouldering,smoldering
1445,smoulders,smolders
1446,snivelled,sniveled
1447,snivelling,sniveling
1448,snorkelled,snorkeled
1449,snorkelling,snorkeling
1450,snowplough,snowplow
1451,snowploughs,snowplow
1452,socialisation,socialization
1453,socialise,socialize
1454,socialised,socialized
1455,socialises,socializes
1456,socialising,socializing
1457,sodomise,sodomize
1458,sodomised,sodomized
1459,sodomises,sodomizes
1460,sodomising,sodomizing
1461,solemnise,solemnize
1462,solemnised,solemnized
1463,solemnises,solemnizes
1464,solemnising,solemnizing
1465,sombre,somber
1466,specialisation,specialization
1467,specialisations,specializations
1468,specialise,specialize
1469,specialised,specialized
1470,specialises,specializes
1471,specialising,specializing
1472,spectre,specter
1473,spectres,specters
1474,spiralled,spiraled
1475,spiralling,spiraling
1476,splendour,splendor
1477,splendours,splendors
1478,squirrelled,squirreled
1479,squirrelling,squirreling
1480,stabilisation,stabilization
1481,stabilise,stabilize
1482,stabilised,stabilized
1483,stabiliser,stabilizer
1484,stabilisers,stabilizers
1485,stabilises,stabilizes
1486,stabilising,stabilizing
1487,standardisation,standardization
1488,standardise,standardize
1489,standardised,standardized
1490,standardises,standardizes
1491,standardising,standardizing
1492,stencilled,stenciled
1493,stencilling,stenciling
1494,sterilisation,sterilization
1495,sterilisations,sterilizations
1496,sterilise,sterilize
1497,sterilised,sterilized
1498,steriliser,sterilizer
1499,sterilisers,sterilizers
1500,sterilises,sterilizes
1501,sterilising,sterilizing
1502,stigmatisation,stigmatization
1503,stigmatise,stigmatize
1504,stigmatised,stigmatized
1505,stigmatises,stigmatizes
1506,stigmatising,stigmatizing
1507,storey,story
1508,storeys,stories
1509,subsidisation,subsidization
1510,subsidise,subsidize
1511,subsidised,subsidized
1512,subsidiser,subsidizer
1513,subsidisers,subsidizers
1514,subsidises,subsidizes
1515,subsidising,subsidizing
1516,succour,succor
1517,succoured,succored
1518,succouring,succoring
1519,succours,succors
1520,sulphate,sulfate
1521,sulphates,sulfates
1522,sulphide,sulfide
1523,sulphides,sulfides
1524,sulphur,sulfur
1525,sulphurous,sulfurous
1526,summarise,summarize
1527,summarised,summarized
1528,summarises,summarizes
1529,summarising,summarizing
1530,swivelled,swiveled
1531,swivelling,swiveling
1532,symbolise,symbolize
1533,symbolised,symbolized
1534,symbolises,symbolizes
1535,symbolising,symbolizing
1536,sympathise,sympathize
1537,sympathised,sympathized
1538,sympathiser,sympathizer
1539,sympathisers,sympathizers
1540,sympathises,sympathizes
1541,sympathising,sympathizing
1542,synchronisation,synchronization
1543,synchronise,synchronize
1544,synchronised,synchronized
1545,synchronises,synchronizes
1546,synchronising,synchronizing
1547,synthesise,synthesize
1548,synthesised,synthesized
1549,synthesiser,synthesizer
1550,synthesisers,synthesizers
1551,synthesises,synthesizes
1552,synthesising,synthesizing
1553,syphon,siphon
1554,syphoned,siphoned
1555,syphoning,siphoning
1556,syphons,siphons
1557,systematisation,systematization
1558,systematise,systematize
1559,systematised,systematized
1560,systematises,systematizes
1561,systematising,systematizing
1562,tantalise,tantalize
1563,tantalised,tantalized
1564,tantalises,tantalizes
1565,tantalising,tantalizing
1566,tantalisingly,tantalizingly
1567,tasselled,tasseled
1568,technicolour,technicolor
1569,temporise,temporize
1570,temporised,temporized
1571,temporises,temporizes
1572,temporising,temporizing
1573,tenderise,tenderize
1574,tenderised,tenderized
1575,tenderises,tenderizes
1576,tenderising,tenderizing
1577,terrorise,terrorize
1578,terrorised,terrorized
1579,terrorises,terrorizes
1580,terrorising,terrorizing
1581,theatre,theater
1582,theatregoer,theatergoer
1583,theatregoers,theatergoers
1584,theatres,theaters
1585,theorise,theorize
1586,theorised,theorized
1587,theorises,theorizes
1588,theorising,theorizing
1589,tonne,ton
1590,tonnes,tons
1591,towelled,toweled
1592,towelling,toweling
1593,toxaemia,toxemia
1594,tranquillise,tranquilize
1595,tranquillised,tranquilized
1596,tranquilliser,tranquilizer
1597,tranquillisers,tranquilizers
1598,tranquillises,tranquilizes
1599,tranquillising,tranquilizing
1600,tranquillity,tranquility
1601,tranquillize,tranquilize
1602,tranquillized,tranquilized
1603,tranquillizer,tranquilizer
1604,tranquillizers,tranquilizers
1605,tranquillizes,tranquilizes
1606,tranquillizing,tranquilizing
1607,tranquilly,tranquility
1608,transistorised,transistorized
1609,traumatise,traumatize
1610,traumatised,traumatized
1611,traumatises,traumatizes
1612,traumatising,traumatizing
1613,travelled,traveled
1614,traveller,traveler
1615,travellers,travelers
1616,travelling,traveling
1617,travelogue,travelog
1618,travelogues,travelogs
1619,trialled,trialed
1620,trialling,trialing
1621,tricolour,tricolor
1622,tricolours,tricolors
1623,trivialise,trivialize
1624,trivialised,trivialized
1625,trivialises,trivializes
1626,trivialising,trivializing
1627,tumour,tumor
1628,tumours,tumors
1629,tunnelled,tunneled
1630,tunnelling,tunneling
1631,tyrannise,tyrannize
1632,tyrannised,tyrannized
1633,tyrannises,tyrannizes
1634,tyrannising,tyrannizing
1635,tyre,tire
1636,tyres,tires
1637,unauthorised,unauthorized
1638,uncivilised,uncivilized
1639,underutilised,underutilized
1640,unequalled,unequaled
1641,unfavourable,unfavorable
1642,unfavourably,unfavorably
1643,unionisation,unionization
1644,unionise,unionize
1645,unionised,unionized
1646,unionises,unionizes
1647,unionising,unionizing
1648,unorganised,unorganized
1649,unravelled,unraveled
1650,unravelling,unraveling
1651,unrecognisable,unrecognizable
1652,unrecognised,unrecognized
1653,unrivalled,unrivaled
1654,unsavoury,unsavory
1655,untrammelled,untrammeled
1656,urbanisation,urbanization
1657,urbanise,urbanize
1658,urbanised,urbanized
1659,urbanises,urbanizes
1660,urbanising,urbanizing
1661,utilisable,utilizable
1662,utilisation,utilization
1663,utilise,utilize
1664,utilised,utilized
1665,utilises,utilizes
1666,utilising,utilizing
1667,valour,valor
1668,vandalise,vandalize
1669,vandalised,vandalized
1670,vandalises,vandalizes
1671,vandalising,vandalizing
1672,vaporisation,vaporization
1673,vaporise,vaporize
1674,vaporised,vaporized
1675,vaporises,vaporizes
1676,vaporising,vaporizing
1677,vapour,vapor
1678,vapours,vapors
1679,verbalise,verbalize
1680,verbalised,verbalized
1681,verbalises,verbalizes
1682,verbalising,verbalizing
1683,victimisation,victimization
1684,victimise,victimize
1685,victimised,victimized
1686,victimises,victimizes
1687,victimising,victimizing
1688,videodisc,videodisk
1689,videodiscs,videodisks
1690,vigour,vigor
1691,visualisation,visualization
1692,visualisations,visualizations
1693,visualise,visualize
1694,visualised,visualized
1695,visualises,visualizes
1696,visualising,visualizing
1697,vocalisation,vocalization
1698,vocalisations,vocalizations
1699,vocalise,vocalize
1700,vocalised,vocalized
1701,vocalises,vocalizes
1702,vocalising,vocalizing
1703,vulcanised,vulcanized
1704,vulgarisation,vulgarization
1705,vulgarise,vulgarize
1706,vulgarised,vulgarized
1707,vulgarises,vulgarizes
1708,vulgarising,vulgarizing
1709,waggon,wagon
1710,waggons,wagons
1711,watercolour,watercolor
1712,watercolours,watercolors
1713,weaselled,weaseled
1714,weaselling,weaseling
1715,westernisation,westernization
1716,westernise,westernize
1717,westernised,westernized
1718,westernises,westernizes
1719,westernising,westernizing
1720,womanise,womanize
1721,womanised,womanized
1722,womaniser,womanizer
1723,womanisers,womanizers
1724,womanises,womanizes
1725,womanising,womanizing
1726,woollen,woolen
1727,woollens,woolens
1728,woollies,woolies
1729,woolly,wooly
1730,worshipped,worshiped
1731,worshipping,worshiping
1732,worshipper,worshiper
1733,yodelled,yodeled
1734,yodelling,yodeling
1735,yoghourt,yogurt
1736,yoghourts,yogurts
1737,yoghurt,yogurt
1738,yoghurts,yogurts
